university,career,inscription_date,first_name,last_name,gender,age,postal_code,location,email
universidad nacional de tres de febrero,ciencias veterinarias,2020-11-22,william,williams,male,41,3201,camba paso,aaron00@gmail.com
universidad nacional de tres de febrero,bioquímica,2020-09-01,laurie,patterson,female,39,3023,cululu,montgomerydaniel@yahoo.com
universidad nacional de tres de febrero,ingeniería electrónica,2020-11-14,thomas,colon,male,30,1875,wilde,misty40@hotmail.com
universidad nacional de tres de febrero,contador público,2020-12-29,chelsea,thomas,female,44,6409,jose maria blanco,gkane@gmail.com
universidad nacional de tres de febrero,licenciatura en ciencias antropológicas,2021-01-27,alexis,kerr,female,32,6537,el camoati,banderson@hotmail.com
universidad nacional de tres de febrero,licenciatura en ciencias biológicas,2020-12-11,michael,ewing,male,44,5634,bowen,qware@hotmail.com
universidad nacional de tres de febrero,medicina,2020-10-06,richard,miller,male,42,5321,el potrero,hmoses@yahoo.com
universidad nacional de tres de febrero,licenciatura en relaciones del trabajo,2021-01-28,daniel,miller,male,22,6071,bermudez,gary63@yahoo.com
universidad nacional de tres de febrero,licenciatura en ciencias geológicas,2020-11-07,angela,horton,female,19,5461,aguada de la peña,fredmartinez@gmail.com
universidad nacional de tres de febrero,medicina,2020-12-26,joseph,fowler,male,40,3569,barros pazos,hsnyder@gmail.com
universidad nacional de tres de febrero,diseño industrial,2020-10-22,stephanie,taylor,female,39,2707,4 de noviembre,gpeterson@hotmail.com
universidad nacional de tres de febrero,licenciatura en ciencias de la educación,2021-01-20,ruben,garner,male,48,7545,huanguelen,vburton@hotmail.com
universidad nacional de tres de febrero,agronomía,2021-01-04,jackson,conrad,male,21,6269,la colina,jessica99@hotmail.com
universidad nacional de tres de febrero,técnico para bioterios,2020-12-02,kristen,jones,female,24,1854,longchamps,wwilkins@hotmail.com
universidad nacional de tres de febrero,licenciatura en relaciones del trabajo,2020-11-29,diana,taylor,female,48,6030,edmundo perkins,williamsonashley@hotmail.com
universidad nacional de tres de febrero,licenciatura en gestión de agroalimentos,2020-10-28,darius,ross,male,43,3083,grutly,angelacalderon@yahoo.com
universidad nacional de tres de febrero,licenciatura en terapia ocupacional,2020-12-04,james,schultz,male,43,1718,san antonio de padua,rebecca74@gmail.com
universidad nacional de tres de febrero,ingeniería electrónica,2020-10-27,stephen,allen,male,46,7135,comandante giribone,changjohn@hotmail.com
universidad nacional de tres de febrero,medicina,2020-09-28,connie,butler,female,46,6530,carlos casares,erin69@gmail.com
universidad nacional de tres de febrero,licenciatura en psicología,2021-01-25,daniel,martinez,male,51,5750,alto de la leña,francisco29@hotmail.com
universidad nacional de tres de febrero,licenciatura en ciencias de la computación,2021-01-28,paul,hernandez,male,37,2000,villa angelica,bwalters@yahoo.com
universidad nacional de tres de febrero,licenciatura en producción de bioimagenes,2020-11-28,patrick,brown,male,48,1672,villa lynch,larryalexander@hotmail.com
universidad nacional de tres de febrero,licenciatura en relaciones del trabajo,2020-11-06,samantha,carter,female,40,2454,cañada rosquin,dolsen@yahoo.com
universidad nacional de tres de febrero,contador público,2020-10-08,charles,wade,male,50,5340,agua grande,bdavis@hotmail.com
universidad nacional de tres de febrero,ingeniería mecánica,2020-12-14,jimmy,caldwell,male,42,5755,alto del molle,fuentesamy@hotmail.com
universidad nacional de tres de febrero,ingeniería electrónica,2021-01-25,larry,valdez,male,32,1927,esc nav militar rio sant,tyoung@hotmail.com
universidad nacional de tres de febrero,licenciatura en ciencias biológicas,2021-01-06,patricia,garcia,female,26,2506,correa,benjaminmckinney@hotmail.com
universidad nacional de tres de febrero,licenciatura en terapia ocupacional,2020-10-05,lisa,rose,female,42,3416,arroyo ceibal,masonnicholas@gmail.com
universidad nacional de tres de febrero,ingeniería en informática,2021-01-09,michelle,williams,female,48,5351,banda florida,jharrison@gmail.com
universidad nacional de tres de febrero,bioquímica,2020-10-04,brandon,schneider,male,39,3516,basail,djohnson@yahoo.com
universidad nacional de tres de febrero,licenciatura en ciencias antropológicas,2020-09-24,joshua,bond,male,29,8370,caminera,garymurray@yahoo.com
universidad nacional de tres de febrero,licenciatura en ciencias biológicas,2020-09-18,patrick,navarro,male,41,1893,centro agricola el pato,jessicabell@gmail.com
universidad nacional de tres de febrero,licenciatura en gestión de agroalimentos,2020-10-22,jeffery,neal,male,31,5343,lavalle,williamjohnson@hotmail.com
universidad nacional de tres de febrero,licenciatura en artes,2020-11-19,dennis,pugh,male,21,2105,cañada rica,staciemorales@yahoo.com
universidad nacional de tres de febrero,diseño de imagen y sonido,2020-12-02,crystal,henderson,female,22,3214,estacion yerua,rtorres@gmail.com
universidad nacional de tres de febrero,diseño industrial,2020-12-28,anthony,munoz,male,27,3583,isla tigre,ryan64@gmail.com
universidad nacional de tres de febrero,ingeniería mecánica,2020-12-06,kelly,walton,male,22,1847,rafael calzada,jjohnson@yahoo.com
universidad nacional de tres de febrero,licenciatura en artes,2020-12-17,valerie,peters,female,50,5340,agua grande,david62@yahoo.com
universidad nacional de tres de febrero,bioquímica,2020-10-01,ashley,grant,female,32,2622,maggiolo,smithadam@yahoo.com
universidad nacional de tres de febrero,contador público,2020-09-25,david,thompson,male,21,3551,campo monte la viruela,ruizernest@gmail.com
universidad nacional de tres de febrero,diseño de imagen y sonido,2020-11-24,mark,washington,male,32,3248,caraguata,lisa66@hotmail.com
universidad nacional de tres de febrero,licenciatura en kinesiología y fisiatría,2020-09-20,tammy,vaughn,female,28,2315,estacion saguier,joshua13@yahoo.com
universidad nacional de tres de febrero,licenciatura en ciencias de la educación,2020-09-20,steven,valdez,male,42,2101,albarellos,ryanmelanie@yahoo.com
universidad nacional de tres de febrero,licenciatura en planificación y diseño del paisaje,2020-09-27,catherine,johnson,female,48,3427,,mark49@gmail.com
universidad nacional de tres de febrero,diseño industrial,2020-09-26,john,perez,male,36,8415,arroyo las minas,grant91@gmail.com
universidad nacional de tres de febrero,licenciatura en relaciones del trabajo,2020-09-11,kim,romero,female,39,2147,san genaro norte,nwilliams@hotmail.com
universidad nacional de tres de febrero,licenciatura en ciencias antropológicas,2020-12-17,mary,richardson,female,35,5637,30 de octubre,lynnswanson@hotmail.com
universidad nacional de tres de febrero,licenciatura en planificación y diseño del paisaje,2020-10-03,brett,robinson,male,51,5582,alberto flores,osmith@hotmail.com
universidad nacional de tres de febrero,licenciatura en producción de bioimagenes,2021-01-29,howard,koch,male,52,5734,la ribera,nancysmith@yahoo.com
universidad nacional de tres de febrero,arquitectura,2020-12-05,donald,williams,male,40,5341,anillaco,kingzachary@gmail.com
universidad nacional de tres de febrero,licenciatura en kinesiología y fisiatría,2020-11-23,charles,thompson,male,43,2216,campo raffo,twallace@hotmail.com
universidad nacional de tres de febrero,licenciatura en ciencias de la computación,2020-09-23,nancy,thompson,female,21,9411,base aerea teniente matienzo,elizabeth58@gmail.com
universidad nacional de tres de febrero,licenciatura en artes,2021-01-31,melanie,white,female,22,4234,achalco,rebeccacraig@hotmail.com
universidad nacional de tres de febrero,licenciatura en ciencia política,2020-10-27,jacob,parker,male,43,8148,estancia las isletas,oward@hotmail.com
universidad nacional de tres de febrero,licenciatura en psicología,2020-12-21,brittany,cooke,female,44,5433,estacion la rinconada,melanieleonard@hotmail.com
universidad nacional de tres de febrero,licenciatura en ciencias de la educación,2020-10-16,troy,mendez,male,41,6231,cuenca,rodneyblackwell@hotmail.com
universidad nacional de tres de febrero,medicina,2020-09-21,bradley,sheppard,male,24,3407,aguay,qedwards@gmail.com
universidad nacional de tres de febrero,diseño industrial,2020-11-11,mariah,phillips,female,21,8185,campo del norte americano,jamesmartinez@gmail.com
universidad nacional de tres de febrero,actuario,2020-12-08,matthew,mathis,male,51,5473,aguayo,lowens@yahoo.com
universidad nacional de tres de febrero,licenciatura en gestión de agroalimentos,2020-10-09,spencer,andersen,male,42,1638,vicente lopez,hbrock@hotmail.com
universidad nacional de tres de febrero,agronomía,2020-12-13,virginia,key,female,29,1733,plomer,bjackson@yahoo.com
universidad nacional de tres de febrero,agronomía,2021-01-05,linda,wright,female,48,3460,arroyo castillo,xgalloway@yahoo.com
universidad nacional de tres de febrero,licenciatura en ciencias geológicas,2020-09-16,tonya,bryant,female,28,3351,azara,lindabutler@yahoo.com
universidad nacional de tres de febrero,ingeniería mecánica,2021-01-28,christopher,jackson,male,42,1858,villa numancia,yorkjames@gmail.com
universidad nacional de tres de febrero,agronomía,2021-01-26,zachary,brown,male,47,3344,2 de julio,andersensusan@hotmail.com
universidad nacional de tres de febrero,agronomía,2020-09-11,andrew,allen,male,23,6381,campo caretto,fgonzales@gmail.com
universidad nacional de tres de febrero,técnico para bioterios,2020-12-19,samuel,meyer,male,51,4616,barcena,robinsonpaul@yahoo.com
universidad nacional de tres de febrero,licenciatura en planificación y diseño del paisaje,2021-01-12,elizabeth,pittman,female,27,5645,el cenizo,jeffreyadams@gmail.com
universidad nacional de tres de febrero,farmacia,2020-11-19,keith,lindsey,male,24,4434,anta,lloydsharon@yahoo.com
universidad nacional de tres de febrero,licenciatura en kinesiología y fisiatría,2020-10-07,william,thomas,male,50,2128,arroyo seco,jescobar@gmail.com
universidad nacional de tres de febrero,licenciatura en psicología,2020-11-26,james,miller,male,45,8363,colonia josefa,david95@yahoo.com
universidad nacional de tres de febrero,ingeniería electrónica,2021-01-02,rebecca,gates,female,34,8111,arroyo pareja,brookebrown@gmail.com
universidad nacional de tres de febrero,licenciatura en gestión de agroalimentos,2020-11-24,ashley,griffith,female,43,1872,sarandi,vgreen@hotmail.com
universidad nacional de tres de febrero,farmacia,2020-12-25,mark,wilson,male,36,3403,aguirre cue,rjohnson@gmail.com
universidad nacional de tres de febrero,agronomía,2020-10-08,timothy,obrien,male,18,2903,erezcano,ericwilliams@yahoo.com
universidad nacional de tres de febrero,licenciatura en psicología,2020-10-12,robert,taylor,male,33,9050,gobernador moyano,rcooper@yahoo.com
universidad nacional de tres de febrero,licenciatura en ciencia y tecnología de alimentos,2021-01-23,sarah,brown,female,28,2449,avena,wallacetimothy@yahoo.com
universidad nacional de tres de febrero,farmacia,2020-12-08,melissa,warren,female,49,7135,comandante giribone,chasepatrick@yahoo.com
universidad nacional de tres de febrero,licenciatura en sociología,2020-12-01,jorge,todd,male,35,6228,aguas buenas,brewerkathleen@yahoo.com
universidad nacional de tres de febrero,actuario,2021-01-01,marisa,taylor,female,19,5409,adan quiroga,pmccoy@yahoo.com
universidad nacional de tres de febrero,medicina,2020-12-04,troy,howard,male,42,1847,rafael calzada,kelly12@hotmail.com
universidad nacional de tres de febrero,arquitectura,2021-01-24,lisa,cruz,female,36,4126,el brete,brownruben@gmail.com
universidad nacional de tres de febrero,ingeniería electrónica,2020-12-25,sherry,pham,female,41,6230,francisco casal,vjohnson@gmail.com
universidad nacional de tres de febrero,licenciatura en planificación y diseño del paisaje,2021-01-04,carolyn,johnson,female,50,1627,matheu,sharon43@yahoo.com
universidad nacional de tres de febrero,ciencias veterinarias,2020-12-25,andrea,williams,female,29,2942,baradero,gwheeler@yahoo.com
universidad nacional de tres de febrero,licenciatura en administración,2021-01-07,benjamin,wright,male,30,8166,saldungaray,michaelmeyer@gmail.com
universidad nacional de tres de febrero,licenciatura en terapia ocupacional,2020-12-15,emily,wilson,female,41,8403,alicura,heidimcguire@yahoo.com
universidad nacional de tres de febrero,licenciatura en ciencias antropológicas,2020-12-09,kayla,ross,female,43,5360,chilecito,amanda88@gmail.com
universidad nacional de tres de febrero,licenciatura en ciencias antropológicas,2021-01-12,rickey,whitehead,male,33,5750,alto de la leña,pwest@gmail.com
universidad nacional de tres de febrero,ingeniería mecánica,2021-01-02,erika,morgan,female,51,2903,erezcano,wburke@yahoo.com
universidad nacional de tres de febrero,licenciatura en terapia ocupacional,2020-12-14,christopher,murray,male,24,2617,sancti spiritu,rodriguezeduardo@hotmail.com
universidad nacional de tres de febrero,licenciatura en ciencia política,2020-11-30,ashley,perez,female,27,5603,cañada seca,samanthadaniels@hotmail.com
universidad nacional de tres de febrero,ingeniería mecánica,2020-10-25,gregory,english,male,31,7517,juan e barra,apowers@yahoo.com
universidad nacional de tres de febrero,arquitectura,2020-09-15,wendy,fisher,female,20,7403,alvaro barros,newmancharles@yahoo.com
universidad nacional de tres de febrero,licenciatura en ciencias de la educación,2020-09-09,jared,frazier,male,23,2726,labordeboy,jasmin00@gmail.com
universidad nacional de tres de febrero,licenciatura en producción de bioimagenes,2020-11-06,logan,wilkinson,male,24,4182,campo la flor los ralos,jesse21@hotmail.com
universidad nacional de tres de febrero,licenciatura en ciencias de la educación,2020-10-10,steven,brooks,male,19,9203,aldea escolar,jtran@yahoo.com
universidad nacional de tres de febrero,ingeniería mecánica,2020-10-15,thomas,carroll,male,38,2138,carcaraña,bobbymcclure@gmail.com
universidad nacional de tres de febrero,ingeniería electrónica,2020-11-30,david,shelton,male,25,3260,arroyo molino,craig18@yahoo.com
universidad nacional de tres de febrero,licenciatura en producción de bioimagenes,2020-12-20,randall,dorsey,male,41,3051,alejandra,cruznicole@hotmail.com
universidad nacional de tres de febrero,ingeniería mecánica,2020-12-17,daniel,hamilton,male,27,2344,achaval rodriguez,bryancrystal@hotmail.com
universidad nacional de tres de febrero,licenciatura en ciencias de la educación,2020-12-20,stephen,garcia,male,34,3718,amambay,daveeaton@hotmail.com
universidad nacional de tres de febrero,licenciatura en relaciones del trabajo,2020-09-10,nathan,walker,male,36,5570,alto del salvador,qstephens@yahoo.com
universidad nacional de tres de febrero,licenciatura en sociología,2021-01-18,amy,jordan,female,19,5535,asuncion,branchcharles@yahoo.com
universidad nacional de tres de febrero,licenciatura en ciencias de la computación,2020-11-23,justin,james,male,43,1882,ezpeleta este,josephbaker@hotmail.com
universidad nacional de tres de febrero,licenciatura en terapia ocupacional,2020-09-02,andrew,hubbard,male,30,3463,aristia,jharris@gmail.com
universidad nacional de tres de febrero,ingeniería mecánica,2020-12-24,ashley,hudson,female,34,5755,alto del molle,fgarcia@yahoo.com
universidad nacional de tres de febrero,farmacia,2021-01-26,brian,bell,male,36,4608,,diazbrian@yahoo.com
universidad nacional de tres de febrero,ciencias veterinarias,2020-10-19,adam,clark,male,30,4622,,fernandopowers@hotmail.com
universidad nacional de tres de febrero,agronomía,2020-09-11,stephanie,liu,female,31,4182,campo la flor los ralos,johnsonamanda@hotmail.com
universidad nacional de tres de febrero,licenciatura en musicoterapia,2020-10-17,anthony,bennett,male,20,1761,20 de junio,hendersonlori@hotmail.com
universidad nacional de tres de febrero,licenciatura en ciencias ambientales,2020-11-03,joel,simon,male,28,6720,,rachel86@hotmail.com
universidad nacional de tres de febrero,licenciatura en sociología,2020-10-17,darrell,russell,male,34,2631,cora,robert74@yahoo.com
universidad nacional de tres de febrero,licenciatura en ciencias geológicas,2020-11-02,jason,hernandez,male,40,5549,agua de los manantiales,kmurphy@gmail.com
universidad nacional de tres de febrero,licenciatura en ciencias ambientales,2021-01-08,david,thompson,male,34,9105,,andreamoore@yahoo.com
universidad nacional de tres de febrero,medicina,2020-11-17,lisa,parsons,female,43,2521,iturraspe,tammymoore@gmail.com
universidad nacional de tres de febrero,diseño de imagen y sonido,2020-12-25,lisa,cunningham,female,23,5710,la punta,uwalker@yahoo.com
universidad nacional de tres de febrero,bioquímica,2020-09-11,caroline,peters,female,46,4513,alto calilegua,pmartinez@yahoo.com
universidad nacional de tres de febrero,agronomía,2020-10-07,brady,payne,male,35,6216,bagual,arellanobeth@gmail.com
universidad nacional de tres de febrero,ingeniería en informática,2020-10-27,wesley,wilson,male,32,3265,arroyo caraballo,ijohnson@hotmail.com
universidad nacional de tres de febrero,agronomía,2020-09-12,kristen,robbins,female,51,6476,chiclana,henryhart@gmail.com
universidad nacional de tres de febrero,agronomía,2020-11-18,tiffany,diaz,female,43,5750,alto de la leña,amywhite@hotmail.com
universidad nacional de tres de febrero,licenciatura en artes,2020-09-23,justin,thompson,male,53,3241,campo de villamil,lee28@yahoo.com
universidad nacional de tres de febrero,actuario,2020-12-31,barbara,middleton,female,24,5433,estacion la rinconada,jacquelineroberts@yahoo.com
universidad nacional de tres de febrero,licenciatura en gestión de agroalimentos,2020-12-13,tiffany,walsh,female,22,9407,28 de noviembre,dorothyanderson@gmail.com
universidad nacional de tres de febrero,licenciatura en ciencias geológicas,2021-01-27,andrew,williams,male,52,6205,el guanaco,lisa17@gmail.com
universidad nacional de tres de febrero,agronomía,2020-11-05,ms.,andrea martinez,female,36,1607,villa adelina,shaneyoder@yahoo.com
universidad nacional de tres de febrero,medicina,2020-11-30,alvin,hughes,male,37,1806,tristan suarez,margaretcollins@yahoo.com
universidad nacional de tres de febrero,licenciatura en ciencias de la computación,2020-11-03,michael,schmidt,male,20,5715,arbol verde,tracie28@yahoo.com
universidad nacional de tres de febrero,ingeniería electrónica,2021-01-05,kimberly,graham,female,40,4709,san jose de piedra blanca,cainholly@hotmail.com
universidad nacional de tres de febrero,licenciatura en sociología,2021-01-25,jose,fowler,male,39,6538,la dorita,adamhanson@yahoo.com
universidad nacional de tres de febrero,licenciatura en administración,2020-10-12,jon,moore,male,31,3465,arroyo casco,nicole95@yahoo.com
universidad nacional de tres de febrero,actuario,2021-01-01,paige,davila,female,52,4626,angosto del perchel,kellygina@hotmail.com
universidad nacional de tres de febrero,farmacia,2020-12-17,rebecca,chandler,female,52,2119,arminda,laura80@gmail.com
universidad nacional de tres de febrero,ingeniería mecánica,2020-11-14,theresa,cohen,female,38,5637,30 de octubre,garciawilliam@gmail.com
universidad nacional de tres de febrero,contador público,2020-12-04,juan,dennis,male,20,1881,san francisco solano,garciarichard@yahoo.com
universidad nacional de tres de febrero,ingeniería mecánica,2020-12-21,patricia,jones,female,49,7119,cari larquea,barkerbenjamin@yahoo.com
universidad nacional de tres de febrero,licenciatura en ciencia política,2020-10-26,ricardo,bradley,male,29,5266,chichagasta,amberlawson@yahoo.com
universidad nacional de tres de febrero,licenciatura en gestión de agroalimentos,2020-10-12,angela,wilcox,female,38,8150,campo la lima,kristine36@gmail.com
universidad nacional de tres de febrero,licenciatura en ciencias de la computación,2020-11-22,anthony,wallace,male,35,3338,17 de agosto,alexischristensen@yahoo.com
universidad nacional de tres de febrero,diseño de imagen y sonido,2021-01-07,brian,martin,male,52,8172,arroyo corto,dominique48@yahoo.com
universidad nacional de tres de febrero,licenciatura en ciencias antropológicas,2021-01-19,ian,cameron,male,31,6007,arribeños,hvillegas@gmail.com
universidad nacional de tres de febrero,licenciatura en kinesiología y fisiatría,2021-01-28,joshua,sanders,male,38,8118,cabildo,heidi98@hotmail.com
universidad nacional de tres de febrero,licenciatura en planificación y diseño del paisaje,2020-12-17,tyler,harper,male,38,3575,,chasewood@hotmail.com
universidad nacional de tres de febrero,licenciatura en ciencia política,2020-09-22,dana,davis,female,21,5421,la tranca,qwilliams@hotmail.com
universidad nacional de tres de febrero,licenciatura en kinesiología y fisiatría,2020-12-10,jillian,martinez,female,22,3403,aguirre cue,ana76@gmail.com
universidad nacional de tres de febrero,diseño de imagen y sonido,2020-10-25,elizabeth,robertson,female,27,2212,campo galloso,rachelpark@yahoo.com
universidad nacional de tres de febrero,agronomía,2020-10-03,joanna,kelley,female,35,8361,isla grande,kimberlyvargas@gmail.com
universidad nacional de tres de febrero,ingeniería mecánica,2020-09-21,robert,keller,male,29,6450,abel,nhouston@yahoo.com
universidad nacional de tres de febrero,licenciatura en ciencias geológicas,2021-01-01,kevin,martinez,male,26,9101,alto de las plumas,kevin01@gmail.com
universidad nacional de tres de febrero,licenciatura en gestión de agroalimentos,2021-01-11,evan,coffey,male,24,3252,aldea san jorge,andreacarpenter@yahoo.com
universidad nacional de tres de febrero,licenciatura en administración,2021-01-26,brandon,beard,male,23,6748,membrillar,adriennerusso@hotmail.com
universidad nacional de tres de febrero,licenciatura en artes,2021-01-11,mike,davis,male,23,3122,arroyo corralito,gsanchez@hotmail.com
universidad nacional de tres de febrero,licenciatura en musicoterapia,2020-10-03,jennifer,flores,female,40,2144,campo horquesco,williamthomas@yahoo.com
universidad nacional de tres de febrero,licenciatura en ciencia política,2021-02-01,kristy,beck,female,44,3486,villa olivari,greenenathaniel@yahoo.com
universidad nacional de tres de febrero,técnico para bioterios,2021-01-14,tim,smith,male,24,7243,antonio carboni,timothymartinez@hotmail.com
universidad nacional de tres de febrero,agronomía,2021-01-22,brian,reeves,male,33,2119,arminda,qrusso@hotmail.com
universidad nacional de tres de febrero,licenciatura en producción de bioimagenes,2020-11-12,janet,roberson,female,39,4159,alto el puesto,sanchezjose@yahoo.com
universidad nacional de tres de febrero,actuario,2020-11-22,matthew,le,male,21,7241,la porteña,morrischristie@gmail.com
universidad nacional de tres de febrero,licenciatura en ciencia política,2021-02-01,bethany,newman,female,26,1613,los polvorines,laurabriggs@hotmail.com
universidad nacional de tres de febrero,licenciatura en ciencias geológicas,2020-09-26,summer,bates,female,37,2248,bernardo de irigoyen,acalderon@gmail.com
universidad nacional de tres de febrero,licenciatura en relaciones del trabajo,2020-11-25,michael,gray,male,37,8318,challaco,kayla03@yahoo.com
universidad nacional de tres de febrero,licenciatura en ciencia política,2020-09-03,derrick,smith,male,42,2258,campo quiñones,michaelsmith@gmail.com
universidad nacional de tres de febrero,medicina,2021-01-22,tamara,lyons,female,26,3518,cabral cue,carrthomas@yahoo.com
universidad nacional de tres de febrero,licenciatura en ciencias de la educación,2021-01-03,cameron,kim,male,35,2401,,hatfieldlaura@hotmail.com
universidad nacional de tres de febrero,licenciatura en sociología,2020-11-20,william,williams,male,37,7225,casalins,kirkpeter@hotmail.com
universidad nacional de tres de febrero,técnico para bioterios,2020-11-23,jeffrey,roberts,male,26,2170,candelaria sud,shayes@hotmail.com
universidad nacional de tres de febrero,licenciatura en ciencias de la computación,2020-09-19,tyler,mills,male,46,5549,agua de los manantiales,daniellehughes@gmail.com
universidad nacional de tres de febrero,técnico para bioterios,2020-12-28,adam,branch,male,38,6500,,nalvarez@gmail.com
universidad nacional de tres de febrero,licenciatura en administración,2020-10-27,kaitlin,lawson,female,21,5523,buena nueva,samuel97@gmail.com
universidad nacional de tres de febrero,licenciatura en psicología,2020-12-03,alexandra,buchanan,female,42,8214,colonia cazaux,ujenkins@gmail.com
universidad nacional de tres de febrero,licenciatura en ciencias biológicas,2021-01-30,kelsey,stone,female,47,6042,dos hermanos,micheal60@yahoo.com
universidad nacional de tres de febrero,agronomía,2020-12-15,courtney,donaldson,female,42,6017,chancay,williamsbrittany@gmail.com
universidad nacional de tres de febrero,licenciatura en ciencia y tecnología de alimentos,2020-11-29,adam,holmes,male,34,4113,acostilla,simontanya@yahoo.com
universidad nacional de tres de febrero,licenciatura en planificación y diseño del paisaje,2020-09-29,michael,brown,male,52,5705,agua hedionda,ugomez@hotmail.com
universidad nacional de tres de febrero,licenciatura en musicoterapia,2020-09-24,michael,sullivan,male,45,2124,22 de mayo,tranjohn@hotmail.com
universidad nacional de tres de febrero,licenciatura en ciencias ambientales,2020-09-16,bailey,ritter,female,27,6309,,lori29@gmail.com
universidad nacional de tres de febrero,licenciatura en ciencias de la educación,2020-11-11,valerie,johnson,female,24,1905,jose ferrari,wilsonamy@hotmail.com
universidad nacional de tres de febrero,licenciatura en ciencias geológicas,2021-01-11,pamela,craig,female,43,5543,,crystallarson@hotmail.com
universidad nacional de tres de febrero,bioquímica,2020-10-04,michael,smith,male,53,6007,arribeños,hbest@gmail.com
universidad nacional de tres de febrero,licenciatura en planificación y diseño del paisaje,2021-01-22,james,liu,male,51,4149,alpachiri,montescheryl@gmail.com
universidad nacional de tres de febrero,licenciatura en ciencias de la educación,2020-09-04,gary,wallace,male,22,5623,atuel sud,amarshall@hotmail.com
universidad nacional de tres de febrero,licenciatura en ciencias de la educación,2021-01-22,bryan,medina,male,37,6645,la limpia,rebecca09@yahoo.com
universidad nacional de tres de febrero,licenciatura en ciencia y tecnología de alimentos,2020-11-12,blake,mcintyre,male,37,1669,del viso,fphillips@gmail.com
universidad nacional de tres de febrero,ciencias veterinarias,2020-10-10,matthew,booth,male,45,5449,aguango,kaitlyn47@hotmail.com
universidad nacional de tres de febrero,licenciatura en planificación y diseño del paisaje,2020-10-30,john,watts,male,43,6475,esteban de luca,inelson@hotmail.com
universidad nacional de tres de febrero,licenciatura en ciencias antropológicas,2020-10-30,yvonne,huang,female,40,8203,la chirlandia,kellypowers@gmail.com
universidad nacional de tres de febrero,licenciatura en ciencia y tecnología de alimentos,2020-11-12,jennifer,love,female,52,1714,ituzaingo,kathryn01@hotmail.com
universidad nacional de tres de febrero,licenciatura en administración,2020-12-31,stephanie,bowen,female,18,6311,campo de los toros,zlopez@hotmail.com
universidad nacional de tres de febrero,licenciatura en sociología,2020-10-27,johnathan,murray,male,18,3080,colonia pujol,eric76@gmail.com
universidad nacional de tres de febrero,licenciatura en ciencias geológicas,2021-01-25,james,miller,male,24,6405,30 de agosto,nguyenchristina@hotmail.com
universidad nacional de tres de febrero,licenciatura en ciencias biológicas,2020-11-21,kevin,freeman,male,51,1682,martin coronado,emilysmith@gmail.com
universidad nacional de tres de febrero,arquitectura,2020-10-18,stanley,lee,male,29,5871,la aguada de las animas,ijones@hotmail.com
universidad nacional de tres de febrero,licenciatura en musicoterapia,2020-12-31,joshua,barber,male,24,1929,base naval rio santiago,jonessandy@hotmail.com
universidad nacional de tres de febrero,licenciatura en administración,2020-11-30,erica,franklin,female,28,8353,aguada chacay co,james68@hotmail.com
universidad nacional de tres de febrero,contador público,2020-10-14,gary,johnson,male,33,3128,colonia berro,uortiz@hotmail.com
universidad nacional de tres de febrero,bioquímica,2020-12-14,jasmine,patel,female,49,8113,baterias,dbrown@gmail.com
universidad nacional de tres de febrero,técnico para bioterios,2021-01-27,brian,smith,male,29,2119,arminda,ashley64@gmail.com
universidad nacional de tres de febrero,licenciatura en relaciones del trabajo,2020-09-26,robert,adams,male,38,3317,arroyo magdalena,ngolden@hotmail.com
universidad nacional de tres de febrero,licenciatura en ciencias de la educación,2020-11-01,jennifer,saunders,female,32,3560,campo ubajo,uwatson@hotmail.com
universidad nacional de tres de febrero,licenciatura en relaciones del trabajo,2020-10-21,jessica,herrera,female,29,1776,9 de abril,zsoto@gmail.com
universidad nacional de tres de febrero,medicina,2020-10-19,jay,barrett,male,28,4141,fuerte quemado,andrew55@hotmail.com
universidad nacional de tres de febrero,licenciatura en producción de bioimagenes,2020-10-05,sarah,olson,female,36,7212,doctor domingo harosteguy,emily86@yahoo.com
universidad nacional de tres de febrero,licenciatura en ciencia política,2020-09-05,calvin,munoz,male,35,3530,aldea forestal,rossmelissa@gmail.com
universidad nacional de tres de febrero,farmacia,2020-10-15,stephanie,cooley,female,38,5350,el molle,ronald50@hotmail.com
universidad nacional de tres de febrero,farmacia,2021-01-27,christine,lester,female,32,3123,aldea santa maria,jasondaniel@yahoo.com
universidad nacional de tres de febrero,ingeniería en informática,2020-11-27,bradley,cooper,male,36,3342,aguapey,willispatrick@gmail.com
universidad nacional de tres de febrero,licenciatura en ciencias geológicas,2020-09-24,theodore,oconnell,male,25,1901,estacion moreno,brianna56@hotmail.com
universidad nacional de tres de febrero,licenciatura en kinesiología y fisiatría,2020-10-28,gavin,hendricks,male,21,3465,arroyo casco,trevormueller@yahoo.com
universidad nacional de tres de febrero,contador público,2020-12-19,benjamin,glass,male,21,3137,alcaraz sud,amanda53@yahoo.com
universidad nacional de tres de febrero,licenciatura en ciencias de la educación,2020-12-06,adam,wilcox,male,21,4144,amberes,pjohnson@hotmail.com
universidad nacional de tres de febrero,diseño industrial,2020-12-31,cheyenne,walker,female,42,2400,villani,hamiltonemily@yahoo.com
universidad nacional de tres de febrero,actuario,2020-11-20,lee,fernandez,male,41,3231,colonia arocena ina,jvalencia@yahoo.com
universidad nacional de tres de febrero,licenciatura en kinesiología y fisiatría,2020-11-12,stacey,kim,female,48,4501,abra del trigo,williamsangela@hotmail.com
universidad nacional de tres de febrero,licenciatura en relaciones del trabajo,2020-12-23,kathy,bryant,female,45,3714,,anthonyburns@gmail.com
universidad nacional de tres de febrero,bioquímica,2020-12-14,jacqueline,daniels,female,44,7630,hospital necochea,matthew43@hotmail.com
universidad nacional de tres de febrero,licenciatura en ciencias ambientales,2020-12-19,ann,stuart,female,39,4107,aconquija,darrellhoward@yahoo.com
universidad nacional de tres de febrero,licenciatura en ciencias antropológicas,2020-12-05,katherine,johnston,female,51,5637,30 de octubre,jasminecopeland@gmail.com
universidad nacional de tres de febrero,licenciatura en ciencias de la computación,2020-12-08,james,phillips,male,43,3716,campo largo,evansjames@hotmail.com
universidad nacional de tres de febrero,licenciatura en kinesiología y fisiatría,2020-12-05,kimberly,martin,female,31,8183,avestruz,colin07@hotmail.com
universidad nacional de tres de febrero,licenciatura en musicoterapia,2020-10-18,barbara,reynolds,female,40,4144,amberes,fosterbrenda@yahoo.com
universidad nacional de tres de febrero,licenciatura en gestión de agroalimentos,2020-09-16,tyler,cordova,male,47,4141,fuerte quemado,housedawn@gmail.com
universidad nacional de tres de febrero,licenciatura en artes,2020-09-15,denise,clark,female,43,2447,los sembrados,alison01@hotmail.com
universidad nacional de tres de febrero,técnico para bioterios,2020-09-26,raymond,marshall,male,37,1627,matheu,robert27@yahoo.com
universidad nacional de tres de febrero,licenciatura en producción de bioimagenes,2020-09-30,marc,bartlett,male,22,6603,ingeniero williams,sarahward@gmail.com
universidad nacional de tres de febrero,licenciatura en musicoterapia,2020-12-18,david,snyder,male,41,2521,iturraspe,hernandezkatherine@yahoo.com
universidad nacional de tres de febrero,licenciatura en terapia ocupacional,2020-12-21,carolyn,shah,female,39,4237,cortaderas,rgarcia@gmail.com
universidad nacional de tres de febrero,licenciatura en ciencia política,2021-01-10,wyatt,williams,male,31,7267,alvarez de toledo,andrewhernandez@gmail.com
universidad nacional de tres de febrero,ingeniería en informática,2020-09-18,sheila,banks,female,51,6051,ingeniero balbin,larry74@gmail.com
universidad nacional de tres de febrero,medicina,2021-01-27,kelly,combs,female,35,1774,la salada,donna79@gmail.com
universidad nacional de tres de febrero,licenciatura en ciencia política,2020-10-29,jon,richardson,male,50,2732,4 de febrero,lindaedwards@yahoo.com
universidad nacional de tres de febrero,licenciatura en ciencia política,2020-09-23,brandi,brown,female,38,7109,barrio pedro rocco,kristina03@hotmail.com
universidad nacional de tres de febrero,licenciatura en terapia ocupacional,2020-09-05,adam,larson,male,36,6013,baigorrita,jjones@yahoo.com
universidad nacional de tres de febrero,licenciatura en kinesiología y fisiatría,2020-12-28,jacob,webb,male,26,5831,,michellechapman@yahoo.com
universidad nacional de tres de febrero,ingeniería electrónica,2020-12-28,kathryn,schmidt,female,49,6106,aaron castellanos,sanchezandrea@gmail.com
universidad nacional de tres de febrero,licenciatura en ciencias ambientales,2020-10-18,ryan,long,male,31,2403,bauer y sigel,linda24@hotmail.com
universidad nacional de tres de febrero,técnico para bioterios,2020-10-31,samuel,brown,male,21,3518,cabral cue,denise20@hotmail.com
universidad nacional de tres de febrero,ingeniería mecánica,2020-09-28,alyssa,webb,female,28,6661,blas durañona,kellimitchell@yahoo.com
universidad nacional de tres de febrero,licenciatura en ciencias ambientales,2021-01-02,laura,meyer,female,41,4719,balcosna,colleen96@hotmail.com
universidad nacional de tres de febrero,bioquímica,2021-01-14,michael,armstrong,male,46,2340,ceres,brojas@yahoo.com
universidad nacional de tres de febrero,licenciatura en ciencias ambientales,2020-12-17,james,johnson,male,32,3732,colonia abate,beckyalexander@gmail.com
universidad nacional de tres de febrero,licenciatura en musicoterapia,2020-12-01,mallory,oliver,female,33,4719,balcosna,kimberlyreed@yahoo.com
universidad nacional de tres de febrero,licenciatura en ciencias de la computación,2020-10-21,aaron,brown,male,39,3007,empalme san carlos,iyang@hotmail.com
universidad nacional de tres de febrero,licenciatura en ciencias ambientales,2020-12-14,carla,watson,female,20,2740,almacen la colina,jchang@gmail.com
universidad nacional de tres de febrero,técnico para bioterios,2020-10-09,ronald,smith,male,51,5570,alto del salvador,bswanson@yahoo.com
universidad nacional de tres de febrero,licenciatura en administración,2021-01-28,lisa,bell,female,53,1802,aeropuerto ezeiza,xcowan@gmail.com
universidad nacional de tres de febrero,licenciatura en gestión de agroalimentos,2020-12-18,gregory,butler,male,39,6409,jose maria blanco,lopezfernando@gmail.com
universidad nacional de tres de febrero,licenciatura en sociología,2020-12-07,brandon,thompson,male,26,5731,alfaland,jameswilliams@yahoo.com
universidad nacional de tres de febrero,licenciatura en ciencia política,2020-11-15,michael,cochran,male,24,6331,colonia beaufort,pwall@gmail.com
universidad nacional de tres de febrero,ciencias veterinarias,2020-09-14,jason,mack,male,25,3285,berduc,sabrinashepherd@hotmail.com
universidad nacional de tres de febrero,licenciatura en ciencias biológicas,2020-11-13,juan,lewis,male,19,3731,meson de fierro,maloneerika@hotmail.com
universidad nacional de tres de febrero,diseño industrial,2020-10-19,kayla,holt,female,53,3220,arroyo manganga,ilee@yahoo.com
universidad nacional de tres de febrero,licenciatura en ciencias ambientales,2020-10-30,elaine,cook,female,29,5425,albarracin,lindsay03@yahoo.com
universidad nacional de tres de febrero,contador público,2020-11-02,danielle,dixon,female,45,7214,cachari,dereknoble@gmail.com
universidad nacional de tres de febrero,farmacia,2020-09-09,jennifer,shaffer,female,24,3466,abalo,woodscollin@hotmail.com
universidad nacional de tres de febrero,licenciatura en ciencias de la educación,2020-11-26,timothy,martin,male,45,6405,30 de agosto,woodslisa@hotmail.com
universidad nacional de tres de febrero,licenciatura en planificación y diseño del paisaje,2020-10-01,john,henry,male,50,5571,chivilcoy,scottwalsh@yahoo.com
universidad nacional de tres de febrero,licenciatura en kinesiología y fisiatría,2020-11-27,lisa,rodriguez,female,40,3337,adolfo j pomar,josephwilliams@hotmail.com
universidad nacional de tres de febrero,licenciatura en ciencias geológicas,2020-09-16,tara,garcia,female,25,6330,arturo almaraz,amber23@hotmail.com
universidad nacional de tres de febrero,licenciatura en administración,2021-01-04,kathleen,green,female,43,2148,campo castro,jessicareed@yahoo.com
universidad nacional de tres de febrero,licenciatura en psicología,2020-12-28,steve,mccann,male,46,5731,alfaland,howelljulie@hotmail.com
universidad nacional de tres de febrero,licenciatura en ciencias geológicas,2020-09-11,dawn,contreras,female,32,7021,alzaga,qcarter@yahoo.com
universidad nacional de tres de febrero,licenciatura en musicoterapia,2021-01-21,jessica,eaton,female,50,7400,barrio la luisa,erin94@gmail.com
universidad nacional de tres de febrero,diseño de imagen y sonido,2021-01-08,patricia,simmons,female,32,5613,agua botada,hillamber@gmail.com
universidad nacional de tres de febrero,licenciatura en planificación y diseño del paisaje,2021-01-27,heather,alvarez,female,42,2933,colonia velez,rpark@gmail.com
universidad nacional de tres de febrero,licenciatura en ciencia política,2020-10-10,jonathan,montgomery,male,28,8411,cascada los cantaros,keith35@hotmail.com
universidad nacional de tres de febrero,licenciatura en producción de bioimagenes,2020-11-06,frank,walsh,male,39,9400,an aike,elijah97@yahoo.com
universidad nacional de tres de febrero,diseño industrial,2020-12-20,jared,wilkerson,male,31,6042,dos hermanos,wheeleralexandra@yahoo.com
universidad nacional de tres de febrero,licenciatura en psicología,2021-01-02,joshua,lewis,male,31,4176,alto del puesto,valenzuelacandace@gmail.com
universidad nacional de tres de febrero,contador público,2020-09-22,barbara,simpson,female,46,8134,argerich,todd66@hotmail.com
universidad nacional de tres de febrero,licenciatura en relaciones del trabajo,2020-10-30,michael,sanchez,male,20,5513,barrio jardin luzuriaga,hmiller@yahoo.com
universidad nacional de tres de febrero,diseño de imagen y sonido,2020-09-06,theresa,morrison,female,53,3162,aranguren,sdaniels@gmail.com
universidad nacional de tres de febrero,ingeniería en informática,2020-11-23,debra,cunningham,female,22,4237,cortaderas,thomas41@yahoo.com
universidad nacional de tres de febrero,contador público,2020-09-06,crystal,davis,female,50,3445,9 de julio,william30@hotmail.com
universidad nacional de tres de febrero,licenciatura en ciencias de la educación,2020-12-02,jessica,johnson,female,29,7533,quiñihual estacion,pamelamorrison@yahoo.com
universidad nacional de tres de febrero,agronomía,2021-01-06,paula,evans,female,37,5612,valle de las leñas,derekwalters@yahoo.com
universidad nacional de tres de febrero,licenciatura en ciencias de la computación,2020-10-19,courtney,mendoza,female,47,2806,las palmas,njackson@gmail.com
universidad nacional de tres de febrero,licenciatura en psicología,2020-12-19,darlene,cruz,female,49,3129,colonia hernandarias,brightvincent@yahoo.com
universidad nacional de tres de febrero,licenciatura en ciencias ambientales,2020-09-20,abigail,osborne,female,28,6201,chanilao,vbarton@hotmail.com
universidad nacional de tres de febrero,licenciatura en administración,2020-09-14,john,kelly,male,48,4709,san jose de piedra blanca,michaeldavis@gmail.com
universidad nacional de tres de febrero,licenciatura en producción de bioimagenes,2020-10-03,bruce,singh,male,48,2258,campo quiñones,amydiaz@yahoo.com
universidad nacional de tres de febrero,licenciatura en ciencia política,2020-11-09,nicholas,robinson,male,24,3014,angel gallardo,angela98@gmail.com
universidad nacional de tres de febrero,arquitectura,2021-01-08,garrett,brown,male,39,4174,ampata,alexander87@gmail.com
universidad nacional de tres de febrero,ingeniería electrónica,2020-12-24,kristine,parsons,female,38,9203,aldea escolar,jamessantiago@hotmail.com
universidad nacional de tres de febrero,licenciatura en sociología,2020-11-21,derek,huerta,male,30,8142,colonia barga,coffeymichael@hotmail.com
universidad nacional de tres de febrero,diseño de imagen y sonido,2021-01-09,william,byrd,male,22,3470,,lolson@gmail.com
universidad nacional de tres de febrero,arquitectura,2021-01-07,robert,wright,male,51,3111,almacen cristian schubert,benjaminbaxter@gmail.com
universidad nacional de tres de febrero,licenciatura en kinesiología y fisiatría,2020-12-27,brittney,fuller,female,26,2921,godoy,jenkinspatricia@hotmail.com
universidad nacional de tres de febrero,agronomía,2020-10-28,susan,hernandez,female,39,4651,agua de castilla,gjohnson@hotmail.com
universidad nacional de tres de febrero,agronomía,2021-01-18,henry,patterson,male,34,1814,barrio 1 de mayo,michael01@gmail.com
universidad nacional de tres de febrero,licenciatura en sociología,2020-11-04,carly,houston,female,30,1778,ciudad evita,keithperez@gmail.com
universidad nacional de tres de febrero,ingeniería electrónica,2021-01-16,connie,santiago,female,46,6721,azcuenaga,gonzalezalexandra@yahoo.com
universidad nacional de tres de febrero,licenciatura en relaciones del trabajo,2021-01-25,hannah,meyer,female,25,8373,alianza,kjenkins@hotmail.com
universidad nacional de tres de febrero,licenciatura en planificación y diseño del paisaje,2021-01-31,seth,williams,male,39,2134,roldan,cherylblanchard@hotmail.com
universidad nacional de tres de febrero,arquitectura,2021-01-23,david,meyer,male,41,2303,angelica,sonyacunningham@hotmail.com
universidad nacional de tres de febrero,licenciatura en producción de bioimagenes,2020-11-18,jessica,hernandez,female,40,2813,arroyo de la cruz,patricia22@yahoo.com
universidad nacional de tres de febrero,licenciatura en ciencias geológicas,2020-12-31,john,miller,male,23,2115,colonia valdez,josephduncan@hotmail.com
universidad nacional de tres de febrero,farmacia,2020-09-15,crystal,lee,female,52,6708,colonia nac de alienados,eric28@yahoo.com
universidad nacional de tres de febrero,bioquímica,2020-12-23,donna,nguyen,female,40,6009,san marcelo,krista30@yahoo.com
universidad nacional de tres de febrero,licenciatura en ciencias biológicas,2021-01-01,keith,wolf,male,53,3188,colonia falco,ynorris@gmail.com
universidad nacional de tres de febrero,ingeniería electrónica,2020-09-22,lisa,olson,female,46,7530,coronel pringles,jasonmartinez@yahoo.com
universidad nacional de tres de febrero,licenciatura en gestión de agroalimentos,2020-11-27,anne,gilmore,female,43,3029,colonia adolfo alsina,abigailrosales@hotmail.com
universidad nacional de tres de febrero,licenciatura en relaciones del trabajo,2021-02-01,catherine,sanders,female,24,2322,cabaña el cisne,justinwalls@yahoo.com
universidad nacional de tres de febrero,licenciatura en ciencia política,2020-11-17,paul,diaz,male,28,2918,empalme villa constitucion,brennanvanessa@gmail.com
universidad nacional de tres de febrero,técnico para bioterios,2021-01-15,ellen,little,female,34,5329,amuschina,gcarter@gmail.com
universidad nacional de tres de febrero,técnico para bioterios,2020-10-22,richard,mccormick,male,34,3241,campo de villamil,christophergreen@yahoo.com
universidad nacional de tres de febrero,licenciatura en administración,2020-10-07,kyle,hanson,male,34,5632,colonia alvear,woodsandrew@hotmail.com
universidad nacional de tres de febrero,licenciatura en ciencias biológicas,2020-12-26,cheryl,johnson,female,25,3472,caaguazu,sawyergeorge@gmail.com
universidad nacional de tres de febrero,ingeniería en informática,2020-10-04,patrick,webb,male,44,1778,ciudad evita,kirstenwoodard@yahoo.com
universidad nacional de tres de febrero,licenciatura en ciencias de la computación,2020-09-15,catherine,singh,female,43,4153,,vnovak@gmail.com
universidad nacional de tres de febrero,licenciatura en ciencia y tecnología de alimentos,2020-09-03,sean,diaz,male,42,6648,mecha,iboyd@yahoo.com
universidad nacional de tres de febrero,farmacia,2021-01-05,alexander,fuentes,male,21,5385,,nunezdiane@gmail.com
universidad nacional de tres de febrero,farmacia,2020-09-18,julie,hernandez,female,19,7207,el trigo,timothyfloyd@gmail.com
universidad nacional de tres de febrero,licenciatura en ciencia y tecnología de alimentos,2020-11-22,april,clayton,female,46,2347,colonia mackinlay,jennifersnow@yahoo.com
universidad nacional de tres de febrero,licenciatura en ciencias geológicas,2020-12-29,ralph,thomas,male,32,8316,balsa senillosa,jasonwhite@yahoo.com
universidad nacional de tres de febrero,licenciatura en gestión de agroalimentos,2021-01-26,travis,summers,male,26,5417,,xperkins@yahoo.com
universidad nacional de tres de febrero,licenciatura en relaciones del trabajo,2020-12-27,maurice,shepherd,male,28,5447,agua cercada,kluna@gmail.com
universidad nacional de tres de febrero,licenciatura en ciencias antropológicas,2020-10-15,rachel,franklin,female,53,4601,corral de piedras,judithmoreno@hotmail.com
universidad nacional de tres de febrero,licenciatura en ciencias ambientales,2020-09-13,john,stone,male,48,1825,monte chingolo,sandovalhenry@hotmail.com
universidad nacional de tres de febrero,licenciatura en relaciones del trabajo,2021-01-27,judith,hunt,female,47,5407,dique toma,bradley80@hotmail.com
universidad nacional de tres de febrero,licenciatura en ciencia y tecnología de alimentos,2020-11-26,carly,hunt,female,19,2183,arequito,deborahnelson@gmail.com
universidad nacional de tres de febrero,actuario,2020-09-21,carrie,strickland,female,47,1688,villa santos tesei,lpage@yahoo.com
universidad nacional de tres de febrero,licenciatura en psicología,2020-12-22,nancy,sandoval,female,33,2449,avena,xgarcia@yahoo.com
universidad nacional de tres de febrero,licenciatura en gestión de agroalimentos,2020-12-28,todd,tucker,male,45,2741,el retiro,james18@yahoo.com
universidad nacional de tres de febrero,técnico para bioterios,2020-09-07,anthony,hill,male,27,3109,colonia centenario,uanderson@gmail.com
universidad nacional de tres de febrero,licenciatura en gestión de agroalimentos,2020-12-04,luis,pratt,male,20,1688,villa santos tesei,gregory90@yahoo.com
universidad nacional de tres de febrero,licenciatura en kinesiología y fisiatría,2020-11-25,laura,franklin,female,25,3265,arroyo caraballo,jonathan52@yahoo.com
universidad nacional de tres de febrero,ingeniería mecánica,2020-10-22,brent,perry,male,52,5541,algarrobal abajo,munozalex@hotmail.com
universidad nacional de tres de febrero,licenciatura en sociología,2020-09-30,daniel,durham,male,41,6034,colonia alberdi,pfleming@yahoo.com
universidad nacional de tres de febrero,diseño de imagen y sonido,2021-01-27,george,schwartz,male,38,6053,el peregrino,mitchellgutierrez@hotmail.com
universidad nacional de tres de febrero,diseño de imagen y sonido,2020-09-26,amber,sherman,female,18,3177,altamirano norte,kwerner@hotmail.com
universidad nacional de tres de febrero,licenciatura en ciencias antropológicas,2021-01-01,tara,smith,female,24,5750,alto de la leña,goodmanmarcus@hotmail.com
universidad nacional de tres de febrero,licenciatura en gestión de agroalimentos,2020-09-25,amanda,ward,female,47,2508,armstrong,tina39@hotmail.com
universidad nacional de tres de febrero,contador público,2020-10-05,crystal,fox,female,31,5591,alpatacal,bettydunn@hotmail.com
universidad nacional de tres de febrero,diseño de imagen y sonido,2021-02-01,catherine,gonzalez,female,39,5722,acasape,michaelblake@gmail.com
universidad nacional de tres de febrero,bioquímica,2021-01-30,xavier,wilson,male,21,3153,kilmetro 165,mitchellalexis@yahoo.com
universidad nacional de tres de febrero,licenciatura en producción de bioimagenes,2020-12-05,samuel,howard,male,51,1980,barrio la dolly,bryanenglish@gmail.com
universidad nacional de tres de febrero,ingeniería en informática,2020-10-14,jeffrey,ochoa,male,21,7223,bonnement,dfrye@yahoo.com
universidad nacional de tres de febrero,licenciatura en gestión de agroalimentos,2020-11-12,jaclyn,brown,female,31,6387,caleufu,allenwood@gmail.com
universidad nacional de tres de febrero,ingeniería mecánica,2021-01-02,julie,bradley,female,34,6244,banderalo,andrewjackson@yahoo.com
universidad nacional de tres de febrero,licenciatura en ciencia y tecnología de alimentos,2020-12-31,david,robertson,male,41,2152,granadero baigorria,erin91@yahoo.com
universidad nacional de tres de febrero,licenciatura en sociología,2020-10-10,carlos,barber,male,31,8326,cervantes,stephen31@gmail.com
universidad nacional de tres de febrero,licenciatura en ciencias geológicas,2020-11-04,haley,jacobs,female,19,7609,balneario la caleta,marvinrollins@yahoo.com
universidad nacional de tres de febrero,técnico para bioterios,2021-01-10,james,reeves,male,34,3003,colonia los zapallos,walexander@hotmail.com
universidad nacional de tres de febrero,licenciatura en planificación y diseño del paisaje,2020-10-24,james,yates,male,50,6600,kilometro 125,kbonilla@yahoo.com
universidad nacional de tres de febrero,licenciatura en ciencia y tecnología de alimentos,2020-09-24,madison,ferguson,female,32,6476,chiclana,thomas39@yahoo.com
universidad nacional de tres de febrero,ingeniería en informática,2020-11-20,paul,caldwell,male,38,3574,capilla guadalupe norte,hatfieldkristina@gmail.com
universidad nacional de tres de febrero,agronomía,2021-01-02,cathy,whitaker,female,35,7605,barrio chapadmalal,singletonkimberly@hotmail.com
universidad nacional de tres de febrero,diseño de imagen y sonido,2020-11-29,bradley,williams,male,27,4411,sey,ericaalvarez@gmail.com
universidad nacional de tres de febrero,licenciatura en kinesiología y fisiatría,2021-01-28,kelsey,bailey,female,28,9420,aserradero arroyo,rodney51@yahoo.com
universidad nacional de tres de febrero,licenciatura en ciencia política,2020-11-09,stephen,kelly,male,41,1763,virrey del pino,amygonzalez@hotmail.com
universidad nacional de tres de febrero,licenciatura en ciencias de la educación,2020-11-08,elizabeth,owens,female,21,4500,alto del saladillo,stephanie91@yahoo.com
universidad nacional de tres de febrero,licenciatura en ciencias antropológicas,2021-01-18,bryan,brown,male,23,6030,edmundo perkins,cpham@gmail.com
universidad nacional de tres de febrero,licenciatura en relaciones del trabajo,2021-01-29,lance,harris,male,21,9011,bahia langara,craig02@gmail.com
universidad nacional de tres de febrero,ingeniería en informática,2020-09-03,lisa,weber,female,43,4109,alto nuestra señora del valle,thomasnicole@yahoo.com
universidad nacional de tres de febrero,ingeniería electrónica,2020-12-19,daniel,huff,male,21,1842,el jaguel,nicole30@gmail.com
universidad nacional de tres de febrero,arquitectura,2020-10-06,justin,wilson,male,33,4718,barro negro,coryblack@yahoo.com
universidad nacional de tres de febrero,actuario,2020-12-24,john,meadows,male,38,3201,camba paso,shawn52@hotmail.com
universidad nacional de tres de febrero,técnico para bioterios,2020-09-09,laura,le,female,38,6700,caminera lujan,vlee@gmail.com
universidad nacional de tres de febrero,licenciatura en planificación y diseño del paisaje,2020-09-14,michelle,garner,female,20,1708,moron,sean67@gmail.com
universidad nacional de tres de febrero,licenciatura en ciencias ambientales,2020-12-23,diane,williams,female,21,6443,arano,boyereric@yahoo.com
universidad nacional de tres de febrero,licenciatura en administración,2020-12-12,james,chavez,male,29,7241,la porteña,castillokevin@hotmail.com
universidad nacional de tres de febrero,licenciatura en artes,2020-10-31,lisa,adams,female,26,7150,ayacucho,ariana80@gmail.com
universidad nacional de tres de febrero,licenciatura en ciencias antropológicas,2020-10-22,joshua,sanchez,male,41,5555,puente del inca,baileyerica@hotmail.com
universidad nacional de tres de febrero,licenciatura en ciencia y tecnología de alimentos,2020-12-19,mark,aguirre,male,26,3190,arroyo hondo,david05@hotmail.com
universidad nacional de tres de febrero,ingeniería en informática,2020-11-15,william,warren,male,37,6463,alagon,acarroll@yahoo.com
universidad nacional de tres de febrero,diseño de imagen y sonido,2020-12-26,mary,hernandez,female,25,5736,comandante granville,dkline@gmail.com
universidad nacional de tres de febrero,técnico para bioterios,2020-09-23,rebecca,jones,female,37,1917,luis chico,lanerichard@hotmail.com
universidad nacional de tres de febrero,licenciatura en ciencias geológicas,2020-11-26,brian,weaver,male,32,6007,arribeños,scott88@yahoo.com
universidad nacional de tres de febrero,diseño industrial,2020-11-07,lisa,hardy,female,22,2718,lierra adjemiro,beasleykelly@gmail.com
universidad nacional de tres de febrero,licenciatura en sociología,2020-10-12,andrew,gutierrez,male,28,3155,costa del nogoya,gary05@gmail.com
universidad nacional de tres de febrero,diseño de imagen y sonido,2021-01-11,jennifer,smith,female,31,3441,,qharris@gmail.com
universidad nacional de tres de febrero,ciencias veterinarias,2020-09-09,leroy,miller,male,51,7548,cura malal,jared78@yahoo.com
universidad nacional de tres de febrero,contador público,2020-10-15,joanne,watts,female,22,9009,cañadon lagarto,pagebrian@hotmail.com
universidad nacional de tres de febrero,licenciatura en kinesiología y fisiatría,2020-10-13,zachary,wilson,male,22,3051,alejandra,gscott@yahoo.com
universidad nacional de tres de febrero,licenciatura en psicología,2020-11-15,aaron,saunders,male,34,3471,alen cue,nwilson@hotmail.com
universidad nacional de tres de febrero,arquitectura,2021-01-08,christine,cox,female,19,6015,campo coliqueo,lisafrench@gmail.com
universidad nacional de tres de febrero,diseño industrial,2020-09-01,natalie,collins,female,35,2258,campo quiñones,jhawkins@yahoo.com
universidad nacional de tres de febrero,licenciatura en ciencia y tecnología de alimentos,2020-10-30,darius,ford,male,22,4182,campo la flor los ralos,lisa30@hotmail.com
universidad nacional de tres de febrero,medicina,2021-01-12,anthony,stevens,male,40,6389,,joshuadavis@gmail.com
universidad nacional de tres de febrero,diseño industrial,2020-10-02,phillip,brown,male,51,1609,boulogne,adam54@gmail.com
universidad nacional de tres de febrero,ingeniería mecánica,2021-01-10,rita,leonard,female,47,8402,dina huapi,heatherchen@hotmail.com
universidad nacional de tres de febrero,licenciatura en ciencia y tecnología de alimentos,2020-10-09,paul,rivera,male,34,5587,barcala,hoodchelsea@yahoo.com
universidad nacional de tres de febrero,licenciatura en ciencias biológicas,2020-11-02,richard,morris,male,50,3308,candelaria,jamesandrew@hotmail.com
universidad nacional de tres de febrero,licenciatura en planificación y diseño del paisaje,2020-09-22,lisa,cobb,female,49,3018,candioti,philip50@yahoo.com
universidad nacional de tres de febrero,licenciatura en planificación y diseño del paisaje,2020-12-14,terri,lee,female,52,3231,colonia arocena ina,jessicawhite@yahoo.com
universidad nacional de tres de febrero,ingeniería electrónica,2020-10-10,teresa,williams,female,32,1900,la plata,jonesmartin@gmail.com
universidad nacional de tres de febrero,licenciatura en ciencias biológicas,2020-09-13,jonathan,murray,male,43,2840,albardon,djimenez@yahoo.com
universidad nacional de tres de febrero,licenciatura en gestión de agroalimentos,2020-12-01,valerie,jimenez,female,48,8307,colonia gobernador ayala,patrick16@yahoo.com
universidad nacional de tres de febrero,licenciatura en administración,2020-11-11,joseph,anderson,male,31,8156,el perdido est jose guisasola,barbara06@yahoo.com
universidad nacional de tres de febrero,licenciatura en relaciones del trabajo,2020-12-13,kelly,abbott,female,38,1838,luis guillon,jacqueline01@yahoo.com
universidad nacional de tres de febrero,ingeniería en informática,2020-11-06,carl,oconnor,male,48,2248,bernardo de irigoyen,lawrencenewman@yahoo.com
universidad nacional de tres de febrero,ciencias veterinarias,2020-10-02,amanda,morris,female,41,2222,diaz,qjones@hotmail.com
universidad nacional de tres de febrero,licenciatura en musicoterapia,2021-01-28,barbara,anderson,female,25,1901,estacion moreno,jason46@hotmail.com
universidad nacional de tres de febrero,licenciatura en administración,2020-12-15,michael,anderson,male,28,6380,boeuf,jorgehansen@gmail.com
universidad nacional de tres de febrero,licenciatura en sociología,2020-10-07,andrew,sweeney,male,22,3516,basail,millerjoshua@yahoo.com
universidad nacional de tres de febrero,licenciatura en psicología,2020-12-26,heather,thornton,female,21,3585,el sombrerito,melissaburch@gmail.com
universidad nacional de tres de febrero,licenciatura en gestión de agroalimentos,2020-10-16,walter,sims,male,47,7009,iraola,lanejeremy@hotmail.com
universidad nacional de tres de febrero,diseño de imagen y sonido,2021-01-13,megan,wallace,female,53,7303,altona,ymcmillan@hotmail.com
universidad nacional de tres de febrero,ciencias veterinarias,2020-11-06,charlene,thompson,female,39,3384,barrancon,jeffrey29@yahoo.com
universidad nacional de tres de febrero,licenciatura en terapia ocupacional,2020-09-18,sarah,chandler,female,32,5501,cerrillos al sud,hernandezsusan@hotmail.com
universidad nacional de tres de febrero,agronomía,2020-12-24,katie,moore,female,35,5470,abra verde,clarkmichael@gmail.com
universidad nacional de tres de febrero,medicina,2020-09-09,jenna,dominguez,female,51,9111,bahia bustamante,melinda15@hotmail.com
universidad nacional de tres de febrero,licenciatura en ciencias geológicas,2020-10-12,deborah,jones,female,30,8129,,rebekah76@gmail.com
universidad nacional de tres de febrero,licenciatura en musicoterapia,2021-01-11,lucas,martinez,male,45,3023,cululu,tsalazar@hotmail.com
universidad nacional de tres de febrero,contador público,2020-10-16,tyler,page,male,34,4648,barrio la union,robert13@yahoo.com
universidad nacional de tres de febrero,agronomía,2020-09-12,katherine,dalton,female,24,1714,ituzaingo,jeremydavis@yahoo.com
universidad nacional de tres de febrero,licenciatura en gestión de agroalimentos,2020-11-10,darryl,blackwell,male,22,6538,la dorita,onash@hotmail.com
universidad nacional de tres de febrero,licenciatura en producción de bioimagenes,2020-12-15,karen,cruz,female,35,5429,el abanico,yaguilar@hotmail.com
universidad nacional de tres de febrero,licenciatura en psicología,2021-02-01,shane,reyes,male,19,7114,canal 15 cerro de la gloria,chaselittle@yahoo.com
universidad nacional de tres de febrero,licenciatura en planificación y diseño del paisaje,2020-12-09,regina,johnson,female,51,7607,balneario atlantida,jschaefer@hotmail.com
universidad nacional de tres de febrero,farmacia,2021-01-26,michael,smith,male,37,8311,villa el chocon,edward10@gmail.com
universidad nacional de tres de febrero,licenciatura en kinesiología y fisiatría,2020-09-15,willie,chase,male,47,2933,colonia velez,jenniferking@gmail.com
universidad nacional de tres de febrero,contador público,2021-01-22,michael,dorsey,male,18,8411,cascada los cantaros,dcrawford@hotmail.com
universidad nacional de tres de febrero,medicina,2020-10-27,emily,newton,female,33,6369,campo salusso,smithgavin@yahoo.com
universidad nacional de tres de febrero,arquitectura,2020-09-05,courtney,smith,female,38,7311,chillar,nortonjacob@gmail.com
universidad nacional de tres de febrero,licenciatura en psicología,2020-12-29,john,wood,male,40,7203,chapaleufu,nelsonlindsay@gmail.com
universidad nacional de tres de febrero,licenciatura en relaciones del trabajo,2020-10-09,steven,ward,male,26,1896,camino centenario km 11500,cummingsbrian@gmail.com
universidad nacional de tres de febrero,bioquímica,2021-01-24,scott,davidson,male,35,4144,amberes,kaitlinmoore@hotmail.com
universidad nacional de tres de febrero,licenciatura en planificación y diseño del paisaje,2020-11-23,caleb,haas,male,28,6032,blandengues,tylershelton@hotmail.com
universidad nacional de tres de febrero,licenciatura en ciencias geológicas,2020-11-12,rachel,harris,female,47,8536,chipauquil,pamela20@yahoo.com
universidad nacional de tres de febrero,diseño de imagen y sonido,2021-01-29,margaret,moore,female,26,5470,abra verde,twise@gmail.com
universidad nacional de tres de febrero,medicina,2020-12-09,kiara,powers,female,51,5313,estacion mazan,connorturner@yahoo.com
universidad nacional de tres de febrero,licenciatura en terapia ocupacional,2021-01-28,dustin,barnett,male,22,7543,la primavera,walkerbrian@hotmail.com
universidad nacional de tres de febrero,diseño industrial,2020-09-13,allison,thompson,female,19,6601,altamira,henryalicia@yahoo.com
universidad nacional de tres de febrero,bioquímica,2020-10-15,elizabeth,mckenzie,female,32,6422,primera junta,stephenmcmahon@yahoo.com
universidad nacional de tres de febrero,licenciatura en ciencias ambientales,2020-12-04,caitlin,brown,female,36,9017,cameron,codyrodriguez@hotmail.com
universidad nacional de tres de febrero,arquitectura,2021-01-31,laura,torres,female,31,5598,bañado verde,lopezjames@gmail.com
universidad nacional de tres de febrero,diseño de imagen y sonido,2020-12-12,joseph,salas,male,31,4753,corralito,mary82@yahoo.com
universidad nacional de tres de febrero,licenciatura en ciencia y tecnología de alimentos,2020-12-04,christine,gomez,female,51,3541,campo las puertas,ahubbard@yahoo.com
universidad nacional de tres de febrero,licenciatura en ciencias geológicas,2020-10-22,ricky,carr,male,33,5609,aristides villanueva,coopermaria@hotmail.com
universidad nacional de tres de febrero,bioquímica,2020-11-10,john,kelly,male,34,3516,basail,oscar14@gmail.com
universidad nacional de tres de febrero,licenciatura en artes,2021-01-31,corey,sanders,male,21,5519,alto de las arañas,ferrellwendy@gmail.com
universidad nacional de tres de febrero,licenciatura en ciencias biológicas,2021-01-08,christopher,roberts,male,36,3334,3 de mayo,zmorris@gmail.com
universidad nacional de tres de febrero,licenciatura en relaciones del trabajo,2020-09-03,donald,reeves,male,42,4142,alto de leiva,barrettjames@gmail.com
universidad nacional de tres de febrero,licenciatura en ciencias de la computación,2020-11-01,justin,gallegos,male,38,6616,castilla,bakersandra@gmail.com
universidad nacional de tres de febrero,licenciatura en ciencia política,2020-12-07,pamela,bradshaw,female,49,3050,calchaqui,jeanne56@yahoo.com
universidad nacional de tres de febrero,actuario,2020-12-04,kimberly,tucker,female,36,1663,muñiz,jonathan83@yahoo.com
universidad nacional de tres de febrero,arquitectura,2021-01-30,jasmine,phillips,female,43,5300,amilgancho,yreed@gmail.com
universidad nacional de tres de febrero,licenciatura en gestión de agroalimentos,2020-12-15,jimmy,arellano,male,34,2315,estacion saguier,royprice@gmail.com
universidad nacional de tres de febrero,licenciatura en ciencias ambientales,2020-10-09,jacob,henry,male,25,3574,capilla guadalupe norte,sherry70@gmail.com
universidad nacional de tres de febrero,técnico para bioterios,2020-10-15,daniel,rodriguez,male,29,3241,campo de villamil,qcoleman@yahoo.com
universidad nacional de tres de febrero,diseño de imagen y sonido,2020-10-16,andrew,lucas,male,44,3327,colonia roca,hernandezmalik@hotmail.com
universidad nacional de tres de febrero,ingeniería en informática,2020-12-21,lisa,martinez,female,39,4119,agua colorada,shane93@hotmail.com
universidad nacional de tres de febrero,licenciatura en musicoterapia,2020-10-22,jacqueline,jones,female,37,1722,merlo,danielbaker@hotmail.com
universidad nacional de tres de febrero,licenciatura en ciencias antropológicas,2021-01-30,lisa,munoz,female,19,1901,estacion moreno,richard32@hotmail.com
universidad nacional de tres de febrero,licenciatura en artes,2020-12-11,amanda,jones,female,26,9225,arenoso,bendersean@gmail.com
universidad nacional de tres de febrero,agronomía,2020-11-06,aaron,gray,male,33,5585,el cipres,andreaglass@hotmail.com
universidad nacional de tres de febrero,licenciatura en musicoterapia,2020-11-15,christina,montgomery,female,18,6407,girodias,fstokes@gmail.com
universidad nacional de tres de febrero,agronomía,2020-09-26,tanya,mitchell,female,33,2132,aero club rosario,miranda57@hotmail.com
universidad nacional de tres de febrero,licenciatura en psicología,2021-01-02,richard,miller,male,35,3433,carrizal norte,austinjoseph@yahoo.com
universidad nacional de tres de febrero,licenciatura en gestión de agroalimentos,2020-09-13,richard,hamilton,male,37,3357,barra bonita,nthompson@hotmail.com
universidad nacional de tres de febrero,técnico para bioterios,2020-12-21,brandon,mcdonald,male,22,8501,bahia creek,fcooke@gmail.com
universidad nacional de tres de febrero,licenciatura en artes,2020-11-14,gina,mcclure,female,50,5763,general urquiza,ywilliams@hotmail.com
universidad nacional de tres de febrero,licenciatura en ciencias biológicas,2021-02-01,theresa,miller,female,40,8316,balsa senillosa,coxjoanne@hotmail.com
universidad nacional de tres de febrero,licenciatura en relaciones del trabajo,2020-09-14,matthew,compton,male,36,5381,,lesliepaul@yahoo.com
universidad nacional de tres de febrero,actuario,2020-09-13,jessica,osborne,female,50,7207,el trigo,scott49@hotmail.com
universidad nacional de tres de febrero,agronomía,2021-02-01,lori,campos,female,34,2900,san nicolas de los arroyos,alyssawells@gmail.com
universidad nacional de tres de febrero,licenciatura en ciencias de la educación,2021-01-15,david,dyer,male,29,5770,chacras viejas,dustinwilson@gmail.com
universidad nacional de tres de febrero,licenciatura en ciencia política,2020-12-16,heather,wells,female,30,3700,barrio gral jose de san martin,mchaney@hotmail.com
universidad nacional de tres de febrero,diseño industrial,2020-09-28,curtis,casey,male,25,5537,algarrobito,barnesstephanie@hotmail.com
universidad nacional de tres de febrero,licenciatura en producción de bioimagenes,2020-10-19,jose,barry,male,41,6734,rawson,benjamin28@hotmail.com
universidad nacional de tres de febrero,técnico para bioterios,2020-11-18,laura,baldwin,female,49,6221,ceballos,fallen@gmail.com
universidad nacional de tres de febrero,licenciatura en artes,2020-09-20,jason,buckley,male,34,3046,arrascaeta,hernandezjacob@hotmail.com
universidad nacional de tres de febrero,licenciatura en musicoterapia,2020-09-28,samuel,gilbert,male,45,2823,aero club canal,cbullock@yahoo.com
universidad nacional de tres de febrero,licenciatura en ciencias biológicas,2020-11-11,erin,newton,female,48,2701,12 de agosto,zstokes@gmail.com
universidad nacional de tres de febrero,ingeniería electrónica,2020-11-12,ryan,acevedo,male,27,6036,diego de alvear,tonya71@gmail.com
universidad nacional de tres de febrero,técnico para bioterios,2020-12-10,sean,ayers,male,23,2718,lierra adjemiro,roger27@yahoo.com
universidad nacional de tres de febrero,licenciatura en ciencias ambientales,2020-12-20,luke,yu,male,42,7631,costa bonita balneario,ochan@yahoo.com
universidad nacional de tres de febrero,licenciatura en musicoterapia,2020-11-26,curtis,parker,male,48,6450,abel,millerleslie@yahoo.com
universidad nacional de tres de febrero,licenciatura en ciencias de la computación,2020-09-16,theresa,brown,female,32,5771,alanices,longmegan@hotmail.com
universidad nacional de tres de febrero,arquitectura,2020-09-06,joseph,hubbard,male,24,4434,anta,cranecurtis@gmail.com
universidad nacional de tres de febrero,licenciatura en artes,2020-10-03,timothy,luna,male,43,5615,,rachel47@gmail.com
universidad nacional de tres de febrero,agronomía,2021-01-31,melissa,reid,female,38,1655,jose leon suarez,andremorgan@hotmail.com
universidad nacional de tres de febrero,licenciatura en gestión de agroalimentos,2020-12-05,renee,dawson,female,21,5429,el abanico,kenneth15@yahoo.com
universidad nacional de tres de febrero,licenciatura en musicoterapia,2020-11-17,alexis,hopkins,male,27,2307,ataliva,hansenveronica@yahoo.com
universidad nacional de tres de febrero,licenciatura en producción de bioimagenes,2020-10-21,jennifer,benson,female,40,1609,boulogne,hessjames@gmail.com
universidad nacional de tres de febrero,ingeniería mecánica,2020-09-18,douglas,perez,male,48,2841,aldea asuncion,xschmidt@hotmail.com
universidad nacional de tres de febrero,licenciatura en artes,2020-11-21,joseph,cooper,male,35,3420,acuña cue,fmcclure@gmail.com
universidad nacional de tres de febrero,licenciatura en ciencias de la computación,2020-09-10,michael,davis,male,18,5306,carrizal,danny47@gmail.com
universidad nacional de tres de febrero,bioquímica,2020-09-21,charles,graham,male,23,8360,,hsimmons@gmail.com
universidad nacional de tres de febrero,arquitectura,2020-10-22,nicholas,hoover,male,50,2508,armstrong,adriananderson@hotmail.com
universidad nacional de tres de febrero,licenciatura en ciencias biológicas,2020-11-28,tiffany,davis,female,52,3309,arroyo tomas,rickyroberts@hotmail.com
universidad nacional de tres de febrero,licenciatura en administración,2020-10-05,patricia,nguyen,female,21,5771,alanices,johnrocha@gmail.com
universidad nacional de tres de febrero,licenciatura en ciencias antropológicas,2020-10-21,gabriel,diaz,male,35,3117,,richardmontgomery@yahoo.com
universidad nacional de tres de febrero,licenciatura en ciencias geológicas,2020-11-27,david,wilson,male,45,5513,barrio jardin luzuriaga,kward@hotmail.com
universidad nacional de tres de febrero,licenciatura en terapia ocupacional,2020-09-20,alexander,hawkins,male,42,6472,francisco madero,lrobertson@gmail.com
universidad nacional de tres de febrero,ingeniería mecánica,2020-12-13,michael,gordon,male,39,4522,,gibsonzachary@hotmail.com
universidad nacional de tres de febrero,ciencias veterinarias,2020-11-19,gregory,higgins,male,45,8536,chipauquil,kylemorrison@gmail.com
universidad nacional de tres de febrero,ingeniería mecánica,2020-09-16,monica,dean,female,41,3153,kilmetro 165,awu@hotmail.com
universidad nacional de tres de febrero,medicina,2020-09-22,chelsey,melton,female,44,9121,aguada de las tejas,danielsims@gmail.com
universidad nacional de tres de febrero,licenciatura en ciencias antropológicas,2020-10-11,john,west,male,44,5561,ancon,davisjeffrey@gmail.com
universidad nacional de tres de febrero,licenciatura en terapia ocupacional,2020-09-09,michelle,haas,female,32,2212,campo galloso,ruizchristopher@hotmail.com
universidad nacional de tres de febrero,técnico para bioterios,2020-09-02,katherine,wade,female,29,3486,villa olivari,lpowell@gmail.com
universidad nacional de tres de febrero,licenciatura en ciencia política,2020-09-19,louis,caldwell,male,22,5380,chamical,romeroandrew@hotmail.com
universidad nacional de tres de febrero,ingeniería electrónica,2020-09-04,jared,parsons,male,19,2253,campo gimenez,walter26@yahoo.com
universidad nacional de tres de febrero,licenciatura en ciencias de la computación,2020-12-05,brian,stark,male,35,5303,anjullon,ebony45@gmail.com
universidad nacional de tres de febrero,licenciatura en ciencias biológicas,2020-12-04,ryan,fuller,male,45,4147,alto las lechuzas,melissamckee@yahoo.com
universidad nacional de tres de febrero,licenciatura en gestión de agroalimentos,2021-01-27,steven,summers,male,38,7621,la sara,kevinwatson@yahoo.com
universidad nacional de tres de febrero,licenciatura en ciencias geológicas,2020-09-03,mary,russell,female,25,3197,abra guazu,alex64@hotmail.com
universidad nacional de tres de febrero,licenciatura en ciencias biológicas,2020-12-07,allen,hicks,male,48,6313,bajo de las palomas,kristine97@gmail.com
universidad nacional de tres de febrero,farmacia,2020-09-25,michael,jones,male,48,3036,aromos,trivera@hotmail.com
universidad nacional de tres de febrero,diseño de imagen y sonido,2020-12-05,andrew,savage,male,27,4182,campo la flor los ralos,robin43@yahoo.com
universidad nacional de tres de febrero,bioquímica,2020-11-24,robert,smith,male,26,1661,bella vista,christopher64@gmail.com
universidad nacional de tres de febrero,licenciatura en ciencias ambientales,2021-01-29,catherine,thomas,female,42,5439,belgrano,sanchezluis@yahoo.com
universidad nacional de tres de febrero,licenciatura en ciencia y tecnología de alimentos,2020-10-19,kylie,miller,female,48,9039,hito 45,ianmooney@gmail.com
universidad nacional de tres de febrero,ingeniería en informática,2021-01-20,sydney,davis,female,31,7135,comandante giribone,bnorton@hotmail.com
universidad nacional de tres de febrero,arquitectura,2020-12-09,juan,davis,male,50,5421,la tranca,joycejohnson@gmail.com
universidad nacional de tres de febrero,ingeniería electrónica,2020-09-21,dana,perez,female,25,6533,alfredo demarchi,mary56@gmail.com
universidad nacional de tres de febrero,licenciatura en ciencia política,2020-12-29,angelica,bennett,female,33,5763,general urquiza,sbenson@gmail.com
universidad nacional de tres de febrero,licenciatura en ciencia política,2020-11-20,vanessa,vega,female,46,3518,cabral cue,sferrell@yahoo.com
universidad nacional de tres de febrero,licenciatura en terapia ocupacional,2021-01-05,melissa,turner,female,38,3001,,wendy04@gmail.com
universidad nacional de tres de febrero,contador público,2020-09-21,emily,le,female,51,3142,alcaracito,lauraboyer@hotmail.com
universidad nacional de tres de febrero,agronomía,2020-09-30,brandon,andersen,male,32,6339,cailomuta,jwelch@yahoo.com
universidad nacional de tres de febrero,ingeniería mecánica,2020-10-22,brittany,phelps,female,37,5535,asuncion,jenna50@yahoo.com
universidad nacional de tres de febrero,licenciatura en ciencias ambientales,2020-09-25,john,porter,male,19,7207,el trigo,jasonbarnett@hotmail.com
universidad nacional de tres de febrero,licenciatura en administración,2020-11-29,jason,alexander,male,51,5275,,gnewton@gmail.com
universidad nacional de tres de febrero,medicina,2020-11-07,aaron,moreno,male,38,6608,agote,daniel02@yahoo.com
universidad nacional de tres de febrero,licenciatura en ciencias geológicas,2020-09-19,jesus,williams,male,21,2747,coronel isleños,brownamy@yahoo.com
universidad nacional de tres de febrero,ciencias veterinarias,2020-11-23,christopher,thomas,male,38,5779,la chilca,lisa11@yahoo.com
universidad nacional de tres de febrero,licenciatura en musicoterapia,2020-10-05,anthony,day,male,49,6706,est jauregui va flandria,toddanderson@gmail.com
universidad nacional de tres de febrero,ingeniería mecánica,2021-01-25,rebecca,griffin,female,26,2915,aguirrezabala,kathylong@hotmail.com
universidad nacional de tres de febrero,licenciatura en ciencias geológicas,2020-11-28,elizabeth,brown,female,27,9120,bahia cracher,amy34@hotmail.com
universidad nacional de tres de febrero,licenciatura en ciencias ambientales,2020-11-24,morgan,vasquez,female,49,6070,balsa,tim79@hotmail.com
universidad nacional de tres de febrero,licenciatura en ciencia y tecnología de alimentos,2021-01-15,brittany,saunders,female,25,6746,cucha cucha,susan43@gmail.com
universidad nacional de tres de febrero,licenciatura en ciencia política,2020-09-24,anthony,lane,male,31,5605,calle larga vieja,amy43@gmail.com
universidad nacional de tres de febrero,medicina,2021-01-13,rebecca,mason,female,18,3361,acaragua,hannah89@hotmail.com
universidad nacional de tres de febrero,licenciatura en artes,2020-11-27,morgan,cohen,female,27,8403,alicura,alexandraavila@hotmail.com
universidad nacional de tres de febrero,licenciatura en ciencias biológicas,2020-10-12,michelle,miller,female,31,3066,campo garay,silvajustin@yahoo.com
universidad nacional de tres de febrero,licenciatura en ciencia y tecnología de alimentos,2020-10-17,jeffrey,miller,male,26,6348,bocayuba,cohenkristina@hotmail.com
universidad nacional de tres de febrero,licenciatura en planificación y diseño del paisaje,2020-11-02,amy,olson,female,35,4605,alisos  de abajo,schmidtmatthew@hotmail.com
universidad nacional de tres de febrero,licenciatura en planificación y diseño del paisaje,2020-09-03,cassie,anderson,female,49,8500,el dique,umason@hotmail.com
universidad nacional de tres de febrero,licenciatura en ciencias geológicas,2020-10-03,samuel,mercado,male,44,5327,capihuas,kaitlyn32@gmail.com
universidad nacional de tres de febrero,medicina,2021-01-28,joyce,velasquez,female,34,1667,manuel alberti,weavertimothy@hotmail.com
universidad nacional de tres de febrero,licenciatura en ciencias de la educación,2020-09-13,angela,barber,female,24,5351,banda florida,xwarner@gmail.com
universidad nacional de tres de febrero,licenciatura en ciencia política,2020-11-09,richard,brown,male,22,6723,cucullu,wjordan@gmail.com
universidad nacional de tres de febrero,ingeniería en informática,2020-10-12,edward,kennedy,male,25,3500,colonia florencia,deannaatkins@yahoo.com
universidad nacional de tres de febrero,licenciatura en ciencias de la educación,2020-09-18,stacey,bradford,female,39,6667,agustin mosconi,nellis@gmail.com
universidad nacional de tres de febrero,licenciatura en ciencia política,2020-10-11,timothy,henry,male,47,3545,kilometro 525,lopezrachel@hotmail.com
universidad nacional de tres de febrero,licenciatura en ciencias biológicas,2021-01-28,veronica,morales,female,40,7530,coronel pringles,carterjessica@hotmail.com
universidad nacional de tres de febrero,bioquímica,2020-09-29,daniel,carlson,male,21,3025,colonia clara,clarkshelly@hotmail.com
universidad nacional de tres de febrero,bioquímica,2020-10-26,samuel,rivera,male,32,7400,barrio la luisa,pricekaren@hotmail.com
universidad nacional de tres de febrero,licenciatura en producción de bioimagenes,2020-11-22,alec,williams,male,20,4506,alegria,tara95@yahoo.com
universidad nacional de tres de febrero,licenciatura en gestión de agroalimentos,2020-09-22,carrie,anderson,female,26,6443,arano,parkermelinda@yahoo.com
universidad nacional de tres de febrero,licenciatura en ciencia y tecnología de alimentos,2020-11-16,lindsay,johnson,female,51,3332,capiovi,andrea17@gmail.com
universidad nacional de tres de febrero,licenciatura en ciencias de la computación,2020-09-05,sarah,hines,female,20,4743,,markdyer@hotmail.com
universidad nacional de tres de febrero,licenciatura en ciencias geológicas,2020-09-20,amanda,smith,female,36,3042,abipones,penningtonlaurie@gmail.com
universidad nacional de tres de febrero,ingeniería electrónica,2020-12-18,clinton,medina,male,33,3380,9 de julio kilometro 20,wendy35@hotmail.com
universidad nacional de tres de febrero,ingeniería electrónica,2021-01-17,patrick,trujillo,male,22,4513,alto calilegua,epatrick@yahoo.com
universidad nacional de tres de febrero,licenciatura en ciencias de la computación,2020-10-12,luke,jordan,male,38,3565,arroyo del rey,hansonjoshua@gmail.com
universidad nacional de tres de febrero,licenciatura en ciencias antropológicas,2021-01-06,francisco,craig,male,51,3460,arroyo castillo,webbtyler@hotmail.com
universidad nacional de tres de febrero,técnico para bioterios,2020-11-14,charles,cameron,male,50,4616,barcena,anthonylewis@gmail.com
universidad nacional de tres de febrero,ingeniería mecánica,2020-11-16,jeffrey,banks,male,43,8166,saldungaray,billythomas@yahoo.com
universidad nacional de tres de febrero,arquitectura,2020-11-22,tyler,rush,male,45,1875,wilde,thomaslopez@gmail.com
universidad nacional de tres de febrero,licenciatura en gestión de agroalimentos,2021-01-05,edward,white,male,44,3575,,cobrien@yahoo.com
universidad nacional de tres de febrero,licenciatura en psicología,2020-10-21,john,brown,male,23,8400,isla victoria,jason72@hotmail.com
universidad nacional de tres de febrero,contador público,2021-01-15,chad,erickson,male,30,5260,,jacquelinetapia@yahoo.com
universidad nacional de tres de febrero,arquitectura,2021-01-07,julie,harris,female,38,3170,alberto gerchunoff,kristina06@gmail.com
universidad nacional de tres de febrero,actuario,2020-10-28,wendy,evans,female,34,5511,general gutierrez,nathan73@hotmail.com
universidad nacional de tres de febrero,licenciatura en ciencia política,2020-09-29,alexandra,williams,female,44,6228,aguas buenas,anthony92@hotmail.com
universidad nacional de tres de febrero,licenciatura en ciencias geológicas,2020-12-08,sara,bennett,female,46,7150,ayacucho,mcgeejennifer@yahoo.com
universidad nacional de tres de febrero,licenciatura en ciencias antropológicas,2020-11-11,robert,wheeler,male,44,6073,el triunfo,tamaramendoza@yahoo.com
universidad nacional de tres de febrero,licenciatura en ciencia política,2020-11-26,richard,barker,male,51,5529,colonia bombal,jennajones@hotmail.com
universidad nacional de tres de febrero,diseño industrial,2020-10-06,kayla,wheeler,female,24,1640,acassuso,hillantonio@hotmail.com
universidad nacional de tres de febrero,farmacia,2020-10-30,angela,riggs,female,53,6501,,paul76@hotmail.com
universidad nacional de tres de febrero,licenciatura en gestión de agroalimentos,2020-12-11,brandon,jones,male,27,5537,algarrobito,jcobb@hotmail.com
universidad nacional de tres de febrero,bioquímica,2020-10-10,jacob,peterson,male,24,6459,colonia sere,tiffany41@yahoo.com
universidad nacional de tres de febrero,licenciatura en terapia ocupacional,2021-01-29,katelyn,hawkins,female,25,5595,cupiles,hugheskathryn@yahoo.com
universidad nacional de tres de febrero,técnico para bioterios,2020-09-21,sarah,bishop,female,27,1907,el pino,againes@yahoo.com
universidad nacional de tres de febrero,bioquímica,2021-01-01,jessica,freeman,female,48,4163,huasa pampa norte,mrios@yahoo.com
